{"lr": 0.19995914112674704, "data_time": 0.12181003093719482, "grad_norm": 2.0466280460357664, "loss": 0.9296962916851044, "top1_acc": 0.9375, "top5_acc": 1.0, "loss_cls": 0.9296962916851044, "time": 17.896971440315248, "epoch": 1, "iter": 20, "memory": 11101, "step": 20}
{"lr": 0.1998278871261289, "data_time": 0.04917508363723755, "grad_norm": 1.0946344882249832, "loss": 0.632014661282301, "top1_acc": 0.75, "top5_acc": 1.0, "loss_cls": 0.632014661282301, "time": 19.06512759923935, "epoch": 1, "iter": 40, "memory": 11101, "step": 40}
{"lr": 0.19960624365233037, "data_time": 0.05167752504348755, "grad_norm": 0.729946893453598, "loss": 0.5688113018870353, "top1_acc": 0.6875, "top5_acc": 1.0, "loss_cls": 0.5688113018870353, "time": 19.225622987747194, "epoch": 1, "iter": 60, "memory": 11101, "step": 60}
{"lr": 0.19929441139312926, "data_time": 0.056453597545623777, "grad_norm": 0.7391801059246064, "loss": 0.5909499064087868, "top1_acc": 0.875, "top5_acc": 1.0, "loss_cls": 0.5909499064087868, "time": 18.688688504695893, "epoch": 1, "iter": 80, "memory": 11101, "step": 80}
{"lr": 0.19916401280311843, "data_time": 0.05523573160171509, "grad_norm": 0.7460227146744728, "loss": 0.629798424243927, "top1_acc": 0.7857142857142857, "top5_acc": 1.0, "loss_cls": 0.629798424243927, "time": 18.59361513853073, "epoch": 1, "iter": 87, "memory": 11101, "step": 87}
{"acc/top1": 0.8148148148148148, "acc/top5": 1.0, "acc/mean1": 0.5, "data_time": 0.3179033398628235, "time": 3.840849220752716, "step": 1}
{"lr": 0.19873088863489666, "data_time": 0.09349199533462524, "grad_norm": 0.5376449696719646, "loss": 0.5430787995457649, "top1_acc": 0.875, "top5_acc": 1.0, "loss_cls": 0.5430787995457649, "time": 17.272048163414002, "epoch": 2, "iter": 107, "memory": 11101, "step": 107}
{"lr": 0.19820836827421545, "data_time": 0.048073303699493405, "grad_norm": 0.46595612838864325, "loss": 0.4892528124153614, "top1_acc": 0.75, "top5_acc": 1.0, "loss_cls": 0.4892528124153614, "time": 17.1085244178772, "epoch": 2, "iter": 127, "memory": 11101, "step": 127}
{"lr": 0.19759692483877256, "data_time": 0.04694253206253052, "grad_norm": 0.6475101009011268, "loss": 0.5726798281073571, "top1_acc": 0.75, "top5_acc": 1.0, "loss_cls": 0.5726798281073571, "time": 17.083283591270447, "epoch": 2, "iter": 147, "memory": 11101, "step": 147}
{"lr": 0.19689711196194254, "data_time": 0.04867740869522095, "grad_norm": 0.5647958375513553, "loss": 0.6596204116940498, "top1_acc": 0.8125, "top5_acc": 1.0, "loss_cls": 0.6596204116940498, "time": 17.332122993469238, "epoch": 2, "iter": 167, "memory": 11101, "step": 167}
{"lr": 0.19663141504387846, "data_time": 0.04871212244033814, "grad_norm": 0.4554006867110729, "loss": 0.5710904911160469, "top1_acc": 0.8571428571428571, "top5_acc": 1.0, "loss_cls": 0.5710904911160469, "time": 17.457352006435393, "epoch": 2, "iter": 174, "memory": 11101, "step": 174}
{"acc/top1": 0.8148148148148148, "acc/top5": 1.0, "acc/mean1": 0.5, "data_time": 0.2307096004486084, "time": 3.2369944572448732, "step": 2}
{"lr": 0.19581332326512946, "data_time": 0.09238307476043701, "grad_norm": 0.3825132455676794, "loss": 0.4386001188308001, "top1_acc": 1.0, "top5_acc": 1.0, "loss_cls": 0.4386001188308001, "time": 18.124259054660797, "epoch": 3, "iter": 194, "memory": 11101, "step": 194}
{"lr": 0.19490847701262645, "data_time": 0.04669255018234253, "grad_norm": 0.3978188352659345, "loss": 0.5790706485509872, "top1_acc": 0.9375, "top5_acc": 1.0, "loss_cls": 0.5790706485509872, "time": 18.642518758773804, "epoch": 3, "iter": 214, "memory": 11101, "step": 214}
{"lr": 0.19391769558224387, "data_time": 0.048150932788848876, "grad_norm": 0.3260467402637005, "loss": 0.47535392418503764, "top1_acc": 0.75, "top5_acc": 1.0, "loss_cls": 0.47535392418503764, "time": 17.95607908964157, "epoch": 3, "iter": 234, "memory": 11101, "step": 234}
{"lr": 0.19284187608013229, "data_time": 0.046459758281707765, "grad_norm": 0.25616817101836203, "loss": 0.5038576573133469, "top1_acc": 0.8125, "top5_acc": 1.0, "loss_cls": 0.5038576573133469, "time": 17.007500433921813, "epoch": 3, "iter": 254, "memory": 11101, "step": 254}
{"lr": 0.19244542698194803, "data_time": 0.04596962928771973, "grad_norm": 0.31169727593660357, "loss": 0.5152288392186165, "top1_acc": 0.7142857142857143, "top5_acc": 1.0, "loss_cls": 0.5152288392186165, "time": 16.659137415885926, "epoch": 3, "iter": 261, "memory": 11101, "step": 261}
{"acc/top1": 0.8148148148148148, "acc/top5": 1.0, "acc/mean1": 0.5, "data_time": 0.22169437408447265, "time": 3.2086190223693847, "step": 3}
{"lr": 0.19125636536982416, "data_time": 0.10215590000152588, "grad_norm": 0.33810760974884035, "loss": 0.5039144054055213, "top1_acc": 0.75, "top5_acc": 1.0, "loss_cls": 0.5039144054055213, "time": 17.827139580249785, "epoch": 4, "iter": 281, "memory": 11101, "step": 281}
