{"lr": 0.19995914112674704, "data_time": 0.11811466217041015, "grad_norm": 1.9752679407596587, "loss": 0.912685926258564, "top1_acc": 0.9375, "top5_acc": 1.0, "loss_cls": 0.912685926258564, "time": 14.118125009536744, "epoch": 1, "iter": 20, "memory": 9518, "step": 20}
{"lr": 0.1998278871261289, "data_time": 0.04501100778579712, "grad_norm": 0.9616369202733039, "loss": 0.587640106678009, "top1_acc": 0.75, "top5_acc": 1.0, "loss_cls": 0.587640106678009, "time": 13.586462783813477, "epoch": 1, "iter": 40, "memory": 9518, "step": 40}
{"lr": 0.19960624365233037, "data_time": 0.04480001926422119, "grad_norm": 0.8421756982803345, "loss": 0.6403235763311386, "top1_acc": 0.75, "top5_acc": 1.0, "loss_cls": 0.6403235763311386, "time": 13.218865478038788, "epoch": 1, "iter": 60, "memory": 9518, "step": 60}
{"lr": 0.19929441139312926, "data_time": 0.04310365915298462, "grad_norm": 0.5095301441848278, "loss": 0.5470920741558075, "top1_acc": 0.875, "top5_acc": 1.0, "loss_cls": 0.5470920741558075, "time": 12.960319435596466, "epoch": 1, "iter": 80, "memory": 9518, "step": 80}
{"lr": 0.19916401280311843, "data_time": 0.04274659156799317, "grad_norm": 0.41667131409049035, "loss": 0.537162946909666, "top1_acc": 0.7142857142857143, "top5_acc": 1.0, "loss_cls": 0.537162946909666, "time": 12.539600849151611, "epoch": 1, "iter": 87, "memory": 9518, "step": 87}
{"acc/top1": 0.8148148148148148, "acc/top5": 1.0, "acc/mean1": 0.5, "data_time": 0.2688460350036621, "time": 2.404689848423004, "step": 1}
{"lr": 0.19873088863489666, "data_time": 0.09624769687652587, "grad_norm": 0.4889981120824814, "loss": 0.563348338752985, "top1_acc": 0.9375, "top5_acc": 1.0, "loss_cls": 0.563348338752985, "time": 13.173958158493042, "epoch": 2, "iter": 107, "memory": 9518, "step": 107}
{"lr": 0.19820836827421545, "data_time": 0.043573391437530515, "grad_norm": 0.4254026830196381, "loss": 0.48836549296975135, "top1_acc": 0.75, "top5_acc": 1.0, "loss_cls": 0.48836549296975135, "time": 12.922031891345977, "epoch": 2, "iter": 127, "memory": 9518, "step": 127}
{"lr": 0.19759692483877256, "data_time": 0.04370969533920288, "grad_norm": 0.4870125524699688, "loss": 0.5231715321540833, "top1_acc": 1.0, "top5_acc": 1.0, "loss_cls": 0.5231715321540833, "time": 13.433295130729675, "epoch": 2, "iter": 147, "memory": 9518, "step": 147}
{"lr": 0.19689711196194254, "data_time": 0.0453244686126709, "grad_norm": 0.5031879380345344, "loss": 0.5819277115166187, "top1_acc": 0.8125, "top5_acc": 1.0, "loss_cls": 0.5819277115166187, "time": 13.719073510169983, "epoch": 2, "iter": 167, "memory": 9518, "step": 167}
{"lr": 0.19663141504387846, "data_time": 0.04520679712295532, "grad_norm": 0.5110372275114059, "loss": 0.5691779997199774, "top1_acc": 0.7857142857142857, "top5_acc": 1.0, "loss_cls": 0.5691779997199774, "time": 13.710526776313781, "epoch": 2, "iter": 174, "memory": 9518, "step": 174}
{"acc/top1": 0.8148148148148148, "acc/top5": 1.0, "acc/mean1": 0.5, "data_time": 0.191778564453125, "time": 1.8041871547698975, "step": 2}
{"lr": 0.19581332326512946, "data_time": 0.08321273326873779, "grad_norm": 0.3959173746407032, "loss": 0.46101113222539425, "top1_acc": 1.0, "top5_acc": 1.0, "loss_cls": 0.46101113222539425, "time": 13.154244589805604, "epoch": 3, "iter": 194, "memory": 9518, "step": 194}
