{"lr": 0.0009999613402639493, "data_time": 0.06454076766967773, "grad_norm": 2.9374300241470337, "loss": 1.4085501730442047, "top1_acc": 0.375, "top5_acc": 1.0, "loss_cls": 1.4085501730442047, "time": 3.232243812084198, "epoch": 1, "iter": 20, "memory": 4988, "step": 20}
{"lr": 0.000999837121818109, "data_time": 0.024364233016967773, "grad_norm": 2.8598288536071776, "loss": 1.3762284815311432, "top1_acc": 0.375, "top5_acc": 1.0, "loss_cls": 1.3762284815311432, "time": 2.991460382938385, "epoch": 1, "iter": 40, "memory": 4988, "step": 40}
{"lr": 0.000999627258854614, "data_time": 0.024247848987579347, "grad_norm": 3.1156614422798157, "loss": 1.3671974778175353, "top1_acc": 0.25, "top5_acc": 1.0, "loss_cls": 1.3671974778175353, "time": 2.9040925025939943, "epoch": 1, "iter": 60, "memory": 4988, "step": 60}
{"lr": 0.0009993317873324028, "data_time": 0.023727035522460936, "grad_norm": 2.9800907969474792, "loss": 1.2857657194137573, "top1_acc": 0.125, "top5_acc": 1.0, "loss_cls": 1.2857657194137573, "time": 2.8377923011779784, "epoch": 1, "iter": 80, "memory": 4988, "step": 80}
{"lr": 0.0009989507578789993, "data_time": 0.024443662166595458, "grad_norm": 3.2860881447792054, "loss": 1.272496646642685, "top1_acc": 0.25, "top5_acc": 1.0, "loss_cls": 1.272496646642685, "time": 2.8506473779678343, "epoch": 1, "iter": 100, "memory": 4988, "step": 100}
{"lr": 0.0009984842357818392, "data_time": -0.052693307399749756, "grad_norm": 3.3361777305603026, "loss": 1.0855411529541015, "top1_acc": 0.375, "top5_acc": 1.0, "loss_cls": 1.0855411529541015, "time": 2.923241937160492, "epoch": 1, "iter": 120, "memory": 4988, "step": 120}
{"lr": 0.0009979323009770807, "data_time": 0.024184632301330566, "grad_norm": 3.6900143146514894, "loss": 0.986794775724411, "top1_acc": 0.625, "top5_acc": 1.0, "loss_cls": 0.986794775724411, "time": 2.8143205523490904, "epoch": 1, "iter": 140, "memory": 4988, "step": 140}
{"lr": 0.0009972950480359127, "data_time": 0.02397991418838501, "grad_norm": 4.125708079338073, "loss": 0.886210098862648, "top1_acc": 0.75, "top5_acc": 1.0, "loss_cls": 0.886210098862648, "time": 2.9384106397628784, "epoch": 1, "iter": 160, "memory": 4988, "step": 160}
{"lr": 0.0009965725861483458, "data_time": 0.02443033456802368, "grad_norm": 4.08795645236969, "loss": 0.9774126470088959, "top1_acc": 0.5, "top5_acc": 1.0, "loss_cls": 0.9774126470088959, "time": 2.902417480945587, "epoch": 1, "iter": 180, "memory": 4988, "step": 180}
{"lr": 0.0009957650391045044, "data_time": 0.0236055850982666, "grad_norm": 3.825433337688446, "loss": 0.8687777101993561, "top1_acc": 0.625, "top5_acc": 1.0, "loss_cls": 0.8687777101993561, "time": 2.8164288640022277, "epoch": 1, "iter": 200, "memory": 4988, "step": 200}
{"acc/top1": 0.25, "acc/top5": 1.0, "acc/mean1": 0.25, "data_time": 0.16270017623901367, "time": 2.0610952854156492, "step": 1}
{"lr": 0.0009948725452734184, "data_time": 0.04346640110015869, "grad_norm": 3.878668475151062, "loss": 0.8914528101682663, "top1_acc": 0.875, "top5_acc": 1.0, "loss_cls": 0.8914528101682663, "time": 2.9559661865234377, "epoch": 2, "iter": 220, "memory": 4988, "step": 220}
{"lr": 0.0009938952575793106, "data_time": 0.024355483055114747, "grad_norm": 4.001654148101807, "loss": 0.8020496785640716, "top1_acc": 0.375, "top5_acc": 1.0, "loss_cls": 0.8020496785640716, "time": 2.825717008113861, "epoch": 2, "iter": 240, "memory": 4988, "step": 240}
{"lr": 0.0009928333434753964, "data_time": 0.024184143543243407, "grad_norm": 3.499304234981537, "loss": 0.6912970840930939, "top1_acc": 0.875, "top5_acc": 1.0, "loss_cls": 0.6912970840930939, "time": 2.815577244758606, "epoch": 2, "iter": 260, "memory": 4988, "step": 260}
{"lr": 0.0009916869849151905, "data_time": 0.024580752849578856, "grad_norm": 3.086468702554703, "loss": 0.5198293775320053, "top1_acc": 0.875, "top5_acc": 1.0, "loss_cls": 0.5198293775320053, "time": 2.9597999811172486, "epoch": 2, "iter": 280, "memory": 4988, "step": 280}
{"lr": 0.000990456378321331, "data_time": 0.024523019790649414, "grad_norm": 3.5723681271076204, "loss": 0.5212146997451782, "top1_acc": 0.875, "top5_acc": 1.0, "loss_cls": 0.5212146997451782, "time": 2.8379897594451906, "epoch": 2, "iter": 300, "memory": 4988, "step": 300}
{"lr": 0.0009891417345519221, "data_time": 0.024253427982330322, "grad_norm": 3.1420131862163543, "loss": 0.44589808732271197, "top1_acc": 0.875, "top5_acc": 1.0, "loss_cls": 0.44589808732271197, "time": 2.841851508617401, "epoch": 2, "iter": 320, "memory": 4988, "step": 320}
{"lr": 0.0009877432788644057, "data_time": 0.024267983436584473, "grad_norm": 3.1974283695220946, "loss": 0.4048978045582771, "top1_acc": 0.75, "top5_acc": 1.0, "loss_cls": 0.4048978045582771, "time": 2.930656599998474, "epoch": 2, "iter": 340, "memory": 4988, "step": 340}
{"lr": 0.000986261250876966, "data_time": 0.024552226066589355, "grad_norm": 3.9621447026729584, "loss": 0.5101091474294662, "top1_acc": 0.625, "top5_acc": 1.0, "loss_cls": 0.5101091474294662, "time": 2.8598548054695128, "epoch": 2, "iter": 360, "memory": 4988, "step": 360}
{"lr": 0.0009846959045274677, "data_time": 0.024077463150024413, "grad_norm": 3.7847112655639648, "loss": 0.4984206520020962, "top1_acc": 0.875, "top5_acc": 1.0, "loss_cls": 0.4984206520020962, "time": 2.905977487564087, "epoch": 2, "iter": 380, "memory": 4988, "step": 380}
{"lr": 0.0009830475080299505, "data_time": 0.025249385833740236, "grad_norm": 3.1666864812374116, "loss": 0.41339368745684624, "top1_acc": 1.0, "top5_acc": 1.0, "loss_cls": 0.41339368745684624, "time": 2.8670485734939577, "epoch": 2, "iter": 400, "memory": 4988, "step": 400}
{"acc/top1": 0.4, "acc/top5": 1.0, "acc/mean1": 0.4, "data_time": 0.09738953908284505, "time": 1.9725272258122761, "step": 2}
{"lr": 0.0009813163438286674, "data_time": 0.04560730457305908, "grad_norm": 3.3510456144809724, "loss": 0.3768070448189974, "top1_acc": 0.625, "top5_acc": 1.0, "loss_cls": 0.3768070448189974, "time": 2.9657604813575746, "epoch": 3, "iter": 420, "memory": 4988, "step": 420}
{"lr": 0.0009795027085496932, "data_time": 0.023853230476379394, "grad_norm": 3.424564850330353, "loss": 0.4033525884151459, "top1_acc": 0.875, "top5_acc": 1.0, "loss_cls": 0.4033525884151459, "time": 2.940653645992279, "epoch": 3, "iter": 440, "memory": 4988, "step": 440}
{"lr": 0.000977606912950096, "data_time": 0.024473893642425536, "grad_norm": 3.631286358833313, "loss": 0.47648929208517077, "top1_acc": 0.875, "top5_acc": 1.0, "loss_cls": 0.47648929208517077, "time": 2.8296376943588255, "epoch": 3, "iter": 460, "memory": 4988, "step": 460}
{"lr": 0.000975629281864691, "data_time": 0.024344277381896973, "grad_norm": 2.792155683040619, "loss": 0.32717776857316494, "top1_acc": 0.75, "top5_acc": 1.0, "loss_cls": 0.32717776857316494, "time": 2.8550923824310304, "epoch": 3, "iter": 480, "memory": 4988, "step": 480}
{"lr": 0.000973570154150385, "data_time": 0.024141645431518553, "grad_norm": 2.9204389840364455, "loss": 0.3136698119342327, "top1_acc": 0.875, "top5_acc": 1.0, "loss_cls": 0.3136698119342327, "time": 2.922637379169464, "epoch": 3, "iter": 500, "memory": 4988, "step": 500}
{"lr": 0.0009714298826281114, "data_time": 0.02560979127883911, "grad_norm": 2.5816147923469543, "loss": 0.2715920638293028, "top1_acc": 1.0, "top5_acc": 1.0, "loss_cls": 0.2715920638293028, "time": 3.007109797000885, "epoch": 3, "iter": 520, "memory": 4988, "step": 520}
{"lr": 0.0009692088340223767, "data_time": 0.02428290843963623, "grad_norm": 2.2254725500941275, "loss": 0.20521075604483485, "top1_acc": 1.0, "top5_acc": 1.0, "loss_cls": 0.20521075604483485, "time": 2.8465726733207704, "epoch": 3, "iter": 540, "memory": 4988, "step": 540}
{"lr": 0.0009669073888984261, "data_time": 0.02488323450088501, "grad_norm": 2.304048980772495, "loss": 0.2184699434787035, "top1_acc": 0.875, "top5_acc": 1.0, "loss_cls": 0.2184699434787035, "time": 2.844783127307892, "epoch": 3, "iter": 560, "memory": 4988, "step": 560}
{"lr": 0.0009645259415970338, "data_time": 0.02407844066619873,